{"cameraMode":{"drawMode":0,"name":"Shaded","section":"Shading Mode"},"sceneLighting":false,"audioPlay":false,"sceneViewState":{"showFog":true,"showMaterialUpdate":false,"showSkybox":false,"showFlares":true,"showImageEffects":true,"showParticleSystems":true},"in2DMode":false,"pivot":{"x":-27.958393096923829,"y":-1.0717620849609376,"z":2.925039768218994},"rotation":{"x":-0.7149139642715454,"y":0.017191238701343538,"z":-0.017588810995221139,"w":-0.6987811923027039},"size":44.396461486816409,"orthographic":false}